"Deutsch","Farsi","English","Beispielsatz","Beispielsatz_Farsi","Status","Präposition","Artikel","Plural","Perfekt", "Präteritum", "Erläuterung"
"sich in Acht nehmen vor (+ Dat.)","مواظب بودن / بر حذر بودن از","to be on one's guard / watch out for","Im Straßenverkehr sollte man sich immer gut in Acht nehmen.","در ترافیک جاده‌ای همیشه باید به خوبی مراقب بود.","Neutral","vor + D","die","–","hat sich in Acht genommen","nahm sich in Acht","aufpassen, vorsichtig sein"
"Abschied nehmen von (+ Dat.)","خداحافظی کردن از","to say goodbye to","Am späten Abend haben wir Abschied von den Gästen genommen.","اواخر شب با مهمانان خداحافظی کردیم.","Neutral","von + D","der","Abschiede","hat Abschied genommen","nahm Abschied","sich verabschieden"
"zum Abschluss kommen","به پایان رسیدن / نهایی شدن","to come to an end / be concluded","Die Verträge sind zum Abschluss gekommen.","قراردادها به مرحله نهایی رسیدند.","Neutral","zu + D","der","Abschlüsse","ist zum Abschluss gekommen","kam zum Abschluss","etwas beenden / fertigstellen /abschießen"
"die Absicht haben","قصد داشتن","to have the intention","Ich habe die Absicht, bald die Prüfung zu machen.","من قصد دارم به زودی در امتحان شرکت کنم.","Neutral","–","die","Absichten","hat die Absicht gehabt","hatte die Absicht","beabsichtigen"
"Ahnung haben von (+ Dat.)","اطلاع داشتن از / سر در آوردن از","to have an idea about / a clue","Ich habe davon keine Ahnung.","من هیچ اطلاعی از آن ندارم.","Neutral","von + D","die","Ahnungen","hat Ahnung gehabt","hatte Ahnung","wissen / sich auskennen"
"eine Änderung vornehmen an (+ Dat.)","تغییر ایجاد کردن در","to make a change to","Jeder kann Änderungen an seinem Passwort selbst vornehmen.","هر کسی می‌تواند خودش تغییراتی در رمز عبور خود ایجاد کند.","Neutral","an + D","die","Änderungen","hat eine Änderung vorgenommen","nahm eine Änderung vor","ändern"
"Anerkennung finden / erfahren","مورد تایید/قدردانی قرار گرفتن","to find/gain recognition","Hier erfahren die Kinder Anerkennung.","اینجا بچه‌ها مورد قدردانی قرار می‌گیرند.","Neutral","–","die","–","hat Anerkennung gefunden / erfahren","fand / erfuhr Anerkennung","anerkannt werden"
"den Anfang machen","شروع کردن","to make a start","Wollen Sie den Anfang machen?","آیا می‌خواهید شما شروع کنید؟","Neutral","–","der","Anfänge","hat den Anfang gemacht","machte den Anfang","anfangen"
"ein Angebot machen / unterbreiten","پیشنهاد دادن","to make/submit an offer","Die Firma hat mir ein tolles Angebot gemacht.","شرکت به من یک پیشنهاد عالی داد.","Neutral","–","das","Angebote","hat ein Angebot gemacht / unterbreitet","machte / unterbreitete ein Angebot","etw. anbieten"
"Angst haben vor (+ Dat.)","ترسیدن از","to be afraid of","Ich habe Angst davor, zu spät zu kommen.","من از دیر رسیدن می‌ترسم.","Neutral","vor + D","die","Ängste","hat Angst gehabt","hatte Angst","sich ängstigen vor"
"Anspruch haben auf (+ Akk.)","حق داشتن به چیزی / استحقاق داشتن","to be entitled to / have a claim to","Sie haben einen rechtlichen Anspruch auf Unterstützung.","شما حق قانونی برای برخورداری از حمایت دارید.","Neutral","auf + Akk.","der","Ansprüche","hat Anspruch gehabt","hatte Anspruch","etw. steht jdn. zu"
"in Anspruch nehmen","استفاده کردن / بهره‌مند شدن","to make use of / to claim","Das hat alles sehr viel Zeit in Anspruch genommen.","همه این‌ها زمان بسیار زیادی برد.","Neutral","keine","der","Ansprüche","hat in Anspruch genommen","nahm in Anspruch","(be)nutzen, beanspruchen"
"Anteil nehmen","همدردی کردن","to sympathize / show concern","Ich nehme Anteil an dem Schicksal der betroffenen Leute.","من با سرنوشت افراد آسیب‌دیده همدردی می‌کنم.","Neutral","an + Dat.","der","Anteile","hat Anteil genommen","nahm Anteil","mitfühlen"
"einen Antrag stellen auf (+ Akk.)","درخواست دادن برای","to apply for / submit an application","Familie Müller hat einen Antrag auf finanzielle Unterstützung gestellt.","خانواده مولر درخواستی برای حمایت مالی ارائه کرده‌اند.","Neutral","auf + Akk.","der","Anträge","hat einen Antrag gestellt","stellte einen Antrag","beantragen"
"eine Antwort geben auf (+ Akk.)","پاسخ دادن به","to give an answer to","Bisher hat er mir noch keine Antwort auf meine Frage gegeben.","او تا به حال پاسخی به سوال من نداده است.","Neutral","auf + Akk.","die","Antworten","hat eine Antwort gegeben","gab eine Antwort","antworten"
"einen Auftrag erteilen","سفارش دادن / ماموریت دادن","to place an order / assign a task","Hat die Firma den Auftrag schon erteilt?","آیا شرکت سفارش را قبلاً داده است؟","Neutral","keine","der","Aufträge","hat einen Auftrag erteilt","erteilte einen Auftrag","beauftragen"
"etw. in Auftrag geben","سفارش دادن چیزی (برای ساخت یا انجام)","to commission something","Hat die Firma die Maschine schon in Auftrag gegeben?","آیا شرکت قبلاً سفارش ساخت دستگاه را داده است؟","Neutral","keine","der","Aufträge","hat in Auftrag gegeben","gab in Auftrag","etw. beauftragen"
"zum Ausdruck bringen","بیان کردن / ابراز کردن","to express / put into words","Er brachte seinen Ärger zum Ausdruck.","او خشم خود را ابراز کرد.","Neutral","keine","der","Ausdrücke","hat zum Ausdruck gebracht","brachte zum Ausdruck","etw. äußern, ausdrücken"
"in Aussicht stellen","وعده دادن / احتمال چیزی را دادن","to promise / hold out the prospect of","Mir wurden gute Aufstiegsmöglichkeiten in Aussicht gestellt.","به من امکانات خوبی برای پیشرفت شغلی وعده داده شد.","Neutral","keine","die","Aussichten","hat in Aussicht gestellt","stellte in Aussicht","etwas als wahrscheinlich darstellen / etwas Positives andeuten"
"im Austausch stehen mit (+ Dat.)","در تبادل بودن با","to be in exchange with","Wir stehen auch im Austausch mit anderen Gruppen.","ما همچنین با گروه‌های دیگر در تبادل هستیم.","Neutral","mit + Dat.","der","Austausche","hat im Austausch gestanden","stand im Austausch","sich austauschen"
"Deutsch","Farsi","English","Beispielsatz","Beispielsatz_Farsi","Status","Präposition","Artikel","Plural","Perfekt","Präteritum","Erläuterung"
"zur Auswahl stehen","برای انتخاب موجود بودن","to be available for selection","Es stehen viele Produkte zur Auswahl.","محصولات زیادی برای انتخاب وجود دارند.","Neutral","zu + D","die","Auswahlen","hat zur Auswahl gestanden","stand zur Auswahl","angeboten werden"
"Beachtung finden","مورد توجه قرار گرفتن","to receive attention","Erneuerbare Energieformen finden momentan große Beachtung.","اشکال انرژی‌های تجدیدپذیر در حال حاضر مورد توجه زیادی قرار گرفته‌اند.","Neutral","-","die","-","hat Beachtung gefunden","fand Beachtung","beachtet werden"
"einen Beitrag leisten","سهمی داشتن / مشارکت کردن","to make a contribution","Jeder kann einen Beitrag zur Verbesserung der Situation leisten.","هر کسی می‌تواند سهمی در بهبود وضعیت داشته باشد.","Neutral","zu + D","der","Beiträge","hat einen Beitrag geleistet","leistete einen Beitrag","etw. beitragen"
"einen Beruf ausüben","به شغلی مشغول بودن / کار کردن","to practice a profession","Sie übt ihren Beruf schon seit über 20 Jahren aus.","او بیش از ۲۰ سال است که به شغل خود مشغول است.","Neutral","-","der","Berufe","hat einen Beruf ausgeübt","übte einen Beruf aus","arbeiten (als)"
"Bescheid geben / sagen","خبر دادن / اطلاع دادن","to let someone know","Können Sie mir bitte Bescheid geben / sagen, wenn Herr Marx da ist?","می‌توانید لطفاً وقتی آقای مارکس آمد به من خبر بدهید؟","Neutral","-","der","Bescheide","hat Bescheid gegeben / gesagt","gab / sagte Bescheid","jdn. informieren"
"Bescheid wissen über (+ Akk.)","در مورد چیزی اطلاع داشتن","to be informed about","Wer weiß denn über dieses Projekt Bescheid?","چه کسی در مورد این پروژه اطلاع دارد؟","Neutral","über + A","der","Bescheide","hat Bescheid gewusst","wusste Bescheid","informiert sein"
"eine Bestellung aufgeben","سفارش دادن","to place an order","Hat der Kunde die Bestellung schon aufgegeben?","آیا مشتری قبلاً سفارش را ثبت کرده است؟","Neutral","-","die","Bestellungen","hat eine Bestellung aufgegeben","gab eine Bestellung auf","etw. bestellen"
"in Betracht kommen","مورد بررسی قرار گرفتن / ممکن بودن","to be considered / to be possible","Zur Lösung des Problems kommen mehrere Möglichkeiten in Betracht.","برای حل مشکل، چندین گزینه مورد بررسی قرار می‌گیرند.","Neutral","in + A","der","-","ist in Betracht gekommen","kam in Betracht","möglich sein"
"in Betracht ziehen","مد نظر قرار دادن / در نظر گرفتن","to consider / to take into account","Viele Leute ziehen in Betracht, wegen einer Arbeitsstelle umzuziehen.","بسیاری از مردم در نظر دارند که به خاطر یک موقعیت شغلی نقل مکان کنند.","Neutral","in + A","der","-","hat in Betracht gezogen","zog in Betracht","überlegen"
"Bezug nehmen auf (+ Akk.)","اشاره کردن به / استناد کردن به","to refer to","Ich nehme Bezug auf Ihr Schreiben vom 3. Januar.","من به نامه شما در تاریخ ۳ ژانویه استناد می‌کنم.","Neutral","auf + A","der","Bezüge","hat Bezug genommen","nahm Bezug","sich beziehen auf"
"Deutsch","Farsi","English","Beispielsatz","Beispielsatz_Farsi","Status","Präposition","Artikel","Plural","Perfekt","Präteritum","Erläuterung"
"eine Bindung aufbauen zu (+ Dat.)","ایجاد رابطه کردن / پیوند برقرار کردن","to build a bond / connection","So können wir eine Bindung zu unserem Gegenüber aufbauen.","به این ترتیب می‌توانیم با طرف مقابل خود رابطه برقرار کنیم.","Neutral","zu + D","die","Bindungen","hat aufgebaut","baute auf","sich besser kennenlernen"
"eine Diskussion führen","بحث کردن / گفتگو کردن","to lead a discussion","Wir haben gestern eine lebhafte Diskussion zum Thema Freizeitaktivitäten geführt.","ما دیروز بحث پرشوری در مورد موضوع فعالیت‌های اوقات فراغت داشتیم.","Neutral","-","die","Diskussionen","hat geführt","führte","diskutieren"
"zur Diskussion stehen","مورد بحث بودن / مطرح بودن","to be under discussion / to be open to debate","Verschiedene Lösungen stehen zur Diskussion.","راه‌حل‌های مختلفی برای بحث (روی میز) وجود دارد.","Neutral","zu + D","die","Diskussionen","hat gestanden","stand","diskutiert werden"
"unter Druck stehen","تحت فشار بودن","to be under pressure","Einige Studentinnen und Studenten stehen unter großem Druck.","برخی از دانشجویان تحت فشار زیادی هستند.","Neutral","unter + D","der","Drücke","hat gestanden","stand","gestresst sein"
"Effekt haben auf (+ Akk.)","اثر داشتن بر","to have an effect on","Das Projekt hatte positive Effekte auf die beteiligten Personen.","این پروژه اثرات مثبتی بر افراد شرکت‌کننده داشت.","Neutral","auf + A","der","Effekte","hat gehabt","hatte","beeinflussen"
"Eindruck machen auf (+ Akk.)","تأثیر گذاشتن بر / تحت تأثیر قرار دادن","to make an impression on","Das Engagement vieler Leute macht auf mich großen Eindruck.","تلاش و تعهد بسیاری از مردم تأثیر زیادی روی من می‌گذارد.","Neutral","auf + A","der","Eindrücke","hat gemacht","machte","beeindrucken"
"Einfluss haben auf (+ Akk.)","نفوذ داشتن / تأثیر داشتن بر","to have influence on","Manchmal werden Entscheidungen getroffen, auf die ich keinen Einfluss habe.","گاهی تصمیماتی گرفته می‌شود که من هیچ نفوذی روی آن‌ها ندارم.","Neutral","auf + A","der","Einflüsse","hat gehabt","hatte","beeinflussen"
"zum Einsatz kommen","به کار گرفته شدن / مورد استفاده قرار گرفتن","to be used / to come into use","In der realen Kommunikation kommt alles zum Einsatz, was man gelernt hat.","در ارتباطات واقعی، هر آنچه آموخته شده است به کار گرفته می‌شود.","Neutral","zu + D","der","Einsätze","ist gekommen","kam","genutzt / verwendet werden"
"zu Ende bringen / führen","به پایان رساندن","to bring to an end / to finish","Wir müssen die Arbeit heute noch zu Ende bringen.","ما باید کار را امروز به پایان برسانیم.","Neutral","zu + D","das","Enden","hat gebracht / hat geführt","brachte / führte","beenden / abschließen"
"einen Entschluss fassen","تصمیم گرفتن","to make a decision","In dieser Zeit habe ich den Entschluss gefasst, Künstler zu werden.","در این مدت من تصمیم گرفتم که هنرمند شوم.","Neutral","-","der","Entschlüsse","hat gefasst","fasste","beschließen, sich entschließen"
"Deutsch","Farsi","English","Beispielsatz","Beispielsatz_Farsi","Status","Präposition","Artikel","Plural","Perfekt", "Präteritum", "Erläuterung"
"eine Entscheidung treffen","تصمیم گرفتن","to make a decision","Er hat die Entscheidung getroffen, Künstler zu werden.","او تصمیم گرفت که هنرمند شود.","Neutral","","die","Entscheidungen","hat eine Entscheidung getroffen","traf eine Entscheidung","etw. entscheiden"
"in Erfüllung gehen","برآورده شدن","to come true","Mein Traum ist in Erfüllung gegangen.","رویای من برآورده شد.","Neutral","in + D","die","Erfüllungen","ist in Erfüllung gegangen","ging in Erfüllung","sich erfüllen / Realität werden"
"eine Erklärung haben für (+ Akk.)","توضیحی داشتن برای","to have an explanation for","Haben Sie dafür eine Erklärung?","آیا توضیحی برای این دارید؟","Neutral","für + A","die","Erklärungen","hat eine Erklärung gehabt","hatte eine Erklärung","etwas erklären können"
"die Erlaubnis erteilen","اجازه دادن","to grant permission","Ich habe ihm die Erlaubnis erteilt, das Gerät zu kaufen.","من به او اجازه دادم که دستگاه را بخرد.","Neutral","","die","Erlaubnisse","hat die Erlaubnis erteilt","erteilte die Erlaubnis","erlauben"
"einen Fehler begehen","مرتکب اشتباه شدن","to commit a mistake","Jeder von uns hat schon einen Fehler begangen.","هر یک از ما قبلاً مرتکب اشتباه شده‌ایم.","Neutral","","der","Fehler","hat einen Fehler begangen","beging einen Fehler","etw. Falsches tun"
"die Flucht ergreifen","فرار کردن","to take flight / flee","Der Dieb ergriff, so schnell er konnte, die Flucht.","دزد تا جایی که می‌توانست سریع فرار کرد.","Neutral","","die","Fluchten","hat die Flucht ergriffen","ergriff die Flucht","fliehen"
"zur Folge haben","منجر شدن به / پیامد داشتن","to result in","Dauerhafter Stress kann Erkrankungen zur Folge haben.","استرس مداوم می‌تواند منجر به بیماری شود.","Neutral","zu + D","die","Folgen","hat zur Folge gehabt","hatte zur Folge","folgen aus etw., bewirken"
"eine Forderung stellen","تقاضا کردن","to make a demand","Er stellt ganz schön viele Forderungen.","او تقاضاهای بسیار زیادی دارد.","Neutral","","die","Forderungen","hat eine Forderung gestellt","stellte eine Forderung","etw. fordern"
"in Frage kommen","مطرح بودن / مورد قبول بودن","to be an option / to be considered","Das kommt überhaupt nicht in Frage.","این اصلاً امکان ندارد (مطرح نیست).","Neutral","in + D","die","Fragen","ist in Frage gekommen","kam in Frage","relevant / akzeptabel sein"
"außer Frage stehen","جای تردید نداشتن","to be beyond question","Es steht außer Frage, dass neue Technologien wichtig sind.","جای هیچ تردیدی نیست که فناوری‌های جدید مهم هستند.","Neutral","außer + D","die","Fragen","hat außer Frage gestanden","stand außer Frage","(zweifellos) richtig sein, etwas nicht bezweifeln"
"eine Frage stellen","سوال پرسیدن","to ask a question","Bleiben Sie neugierig und stellen Sie viele Fragen.","کنجکاو بمانید و سوالات زیادی بپرسید.","Neutral","","die","Fragen","hat eine Frage gestellt","stellte eine Frage","fragen"
"in Frage stellen","زیر سوال بردن","to question","Viele Mitarbeitenden stellen die Strategie in Frage.","بسیاری از کارکنان استراتژی را زیر سوال می‌برند.","Neutral","in","die","Fragen","hat in Frage gestellt","stellte in Frage","bezweifeln, anzweifeln"
"sich Gedanken machen über (+ Akk.)","فکر کردن در مورد","to think/worry about","Ich mache mir viele Gedanken über das Thema.","من خیلی در مورد این موضوع فکر می‌کنم.","Neutral","über + A","der","Gedanken","hat sich Gedanken gemacht","machte sich Gedanken","nachdenken"
"in Gefahr sein","در خطر بودن","to be in danger","Die Realisierung des Projekts ist in Gefahr.","اجرای پروژه در خطر است.","Neutral","in","die","Gefahren","ist in Gefahr gewesen","war in Gefahr","gefährdet sein"
"ein Gespräch führen","گفتگو کردن","to have a conversation","Wir haben ein interessantes Gespräch mit Kollegen über das Projekt geführt.","ما گفتگوی جالبی با همکاران درباره پروژه داشتیم.","Neutral","-","das","Gespräche","hat ein Gespräch geführt","führte ein Gespräch","sich unterhalten"
"den Grund angeben","دلیل آوردن/ذکر کردن","to state the reason","Für diese Entscheidung wurden keine Gründe angegeben.","برای این تصمیم هیچ دلیلی ذکر نشد.","Neutral","-","der","Gründe","hat den Grund angegeben","gab den Grund an","etw. begründen"
"vor Herausforderungen stellen","به چالش کشیدن","to challenge","Der neue Kunde stellt uns vor echte Herausforderungen.","مشتری جدید ما را با چالش‌های واقعی روبرو می‌کند.","Neutral","vor","die","Herausforderungen","hat vor Herausforderungen gestellt","stellte vor Herausforderungen","viel verlangen"
"Interesse haben an (+ Dat.)","علاقه داشتن به","to be interested in","Sie hat kein Interesse an einer neuen Stelle.","او هیچ علاقه‌ای به یک شغل جدید ندارد.","Neutral","an + D","das","Interessen","hat Interesse gehabt","hatte Interesse","sich für etw. interessieren"
"Interesse wecken an (+ Dat.)","علاقه ایجاد کردن","to arouse interest","Das Hobby hat mein Interesse an einer Fremdsprache noch einmal ganz neu geweckt.","این سرگرمی علاقه من را به یک زبان خارجی دوباره کاملاً زنده کرد.","Neutral","an + D","das","Interessen","hat Interesse geweckt","weckte Interesse","aufmerksam machen auf"
"in Kauf nehmen","پذیرفتن (سختی یا پیامد منفی)","to accept/put up with","Wer Markenprodukte haben möchte, muss hohe Preise in Kauf nehmen.","کسی که می‌خواهد محصولات برند داشته باشد، باید قیمت‌های بالا را بپذیرد.","Neutral","in","der","Käufe","hat in Kauf genommen","nahm in Kauf","(Nachteiliges) akzeptieren"
"zur Kenntnis nehmen","توجه کردن/اطلاع یافتن","to take note of","Ich habe ihre Anmerkung zur Kenntnis genommen.","من متوجه تذکر شما شدم.","Neutral","zu","die","Kenntnisse","hat zur Kenntnis genommen","nahm zur Kenntnis","bemerken, wahrnehmen"
"einen Kompromiss finden","مصالحه کردن / به توافق رسیدن","to find a compromise","Zum Glück haben wir schnell einen Kompromiss gefunden.","خوشبختانه ما سریع به یک توافق رسیدیم.","Neutral","-","der","Kompromisse","hat einen Kompromiss gefunden","fand einen Kompromiss","sich einigen"
"in Kontakt treten mit (+ Dat.)","در تماس بودن / ارتباط برقرار کردن","to get in touch with / to contact","Sind Sie schon mit der Kundin in Kontakt getreten?","آیا قبلاً با مشتری (خانم) تماس گرفته‌اید؟","Neutral","mit + D","der","Kontakte","ist in Kontakt getreten","trat in Kontakt","kontaktieren"
"die Kosten tragen für (+ Akk.)","هزینه ها را بر عهده گرفتن / پرداخت کردن","to bear the costs for","Wer trägt die Kosten für das Studium?","چه کسی هزینه‌های تحصیل را می‌پردازد؟","Neutral","für + A","die (Pl.)","Kosten","hat die Kosten getragen","trug die Kosten","bezahlen"
"Kritik üben an (+ Dat.)","انتقاد کردن","to criticize / to voice criticism","Bleiben Sie gelassen, wenn jemand Kritik an Ihnen übt.","آرام بمانید اگر کسی از شما انتقاد می‌کند.","Neutral","an + D","die","Kritiken","hat Kritik geübt","übte Kritik","kritisieren"
"in der Lage sein","قادر بودن / توانایی داشتن","to be able to / to be in a position to","Über Social-Media sind alle in der Lage, andere Leute mit gleichen Interessen zu finden.","از طریق شبکه‌های اجتماعی، همه قادرند افراد دیگر با علایق مشابه را پیدا کنند.","Neutral","-","die","Lagen","ist in der Lage gewesen","war in der Lage","können / fähig sein"
"auf dem Laufenden sein","در جریان بودن / به روز بودن","to be up to date / to be kept informed","Bist du über die neuesten Entwicklungen auf dem Laufenden?","آیا از آخرین تحولات باخبری؟","Neutral","über + A","das (Laufende)","-","ist auf dem Laufenden gewesen","war auf dem Laufenden","informiert sein"
"auf den Markt bringen","به بازار عرضه کردن / روانه بازار کردن","to launch / to bring to market","Es werden ständig neue Geräte auf den Markt gebracht.","مدام دستگاه‌های جدیدی به بازار عرضه می‌شوند.","Neutral","auf + A","der","Märkte","hat auf den Markt gebracht","brachte auf den Markt","etw. (zum ersten Mal) verkaufen"
"eine Meinung vertreten","عقیده داشتن / نظری را ابراز کردن","to hold an opinion / to represent a view","Ich vertrete folgende Meinung: ...","من چنین نظری دارم: ...","Neutral","-","die","Meinungen","hat eine Meinung vertreten","vertrat eine Meinung","meinen / denken"
"sich Mühe geben bei / mit (+ Dat.)","تلاش کردن / زحمت کشیدن","to make an effort / to take trouble","In privaten Situationen gibt man sich oft mehr Mühe, sich korrekt auszudrücken.","در موقعیت‌های خصوصی، آدم اغلب تلاش بیشتری می‌کند تا خودش را درست بیان کند.","Neutral","bei + D/mit + D","die","Mühen","hat sich Mühe gegeben","gab sich Mühe","sich bemühen"
"Platz schaffen","جا باز کردن / فضا ایجاد کردن","to make room / to create space","Wir haben viele Dinge entsorgt und Platz geschaffen.","ما بسیاری از چیزها را دور ریختیم و جا باز کردیم.","Neutral","-","der","Plätze","hat Platz geschaffen","schaffte Platz","aufräumen"
"die Pflicht haben","وظیفه داشتن","to have the duty","Man hat die Pflicht, gefundene Sachen zurückzugeben.","آدم وظیفه دارد اشیاء پیدا شده را پس دهد.","Neutral","-","die","Pflichten","hat die Pflicht gehabt","hatte die Pflicht","etw. müssen"
"ein Recht haben auf (+ Akk.)","حق داشتن برای","to have a right to","Man hat kein Recht darauf, jede Ware zurückzugeben.","آدم حق ندارد هر کالایی را پس بدهد.","Neutral","auf + A","das","Rechte","hat ein Recht gehabt","hatte ein Recht","erlaubt sein"
"eine Rede / ein Referat halten","سخنرانی کردن / ارائه دادن","to give a speech / a presentation","Sie hat gestern eine sehr interessante Rede gehalten.","او دیروز سخنرانی بسیار جالبی انجام داد.","Neutral","-","die / das","Reden / Referate","hat eine Rede / ein Referat gehalten","hielt eine Rede / ein Referat","referieren"
"eine Rolle spielen","نقش داشتن / مهم بودن","to play a role / be important","Bargeld wird in Zukunft kaum noch eine Rolle spielen.","پول نقد در آینده به سختی نقشی ایفا خواهد کرد.","Neutral","-","die","Rollen","hat eine Rolle gespielt","spielte eine Rolle","wichtig / relevant sein"
"Rücksicht nehmen auf (+ Akk.)","مراعات کردن / ملاحظه کردن","to be considerate of","Wir sollten Rücksicht auf unsere Mitmenschen nehmen.","ما باید مراعات همنوعان خود را بکنیم.","Neutral","auf + A","die","-","hat Rücksicht genommen","nahm Rücksicht","rücksichtsvoll sein"
"Ruhe bewahren","آرامش خود را حفظ کردن","to keep calm","Auch in schwierigen Situationen sollten Sie Ruhe bewahren.","حتی در موقعیت‌های دشوار هم باید آرامش خود را حفظ کنید.","Neutral","-","die","-","hat Ruhe bewahrt","bewahrte Ruhe","ruhig bleiben"
"Schaden erleiden durch (+ Akk.)","خسارت دیدن از طریق","to suffer damage through","Durch sein leichtsinniges Verhalten hat er Schaden erlitten.","او به دلیل رفتار بی‌ملاحظه‌اش دچار خسارت شد.","Neutral","durch + A","der","Schäden","hat Schaden erlitten","erlitt Schaden","geschädigt werden"
"Schluss machen mit (+ Dat.)","تمام کردن / پایان دادن به","to put an end to","Wir müssen Schluss machen mit der Energieverschwendung.","ما باید به هدر دادن انرژی پایان دهیم.","Neutral","mit + D","der","-","hat Schluss gemacht","machte Schluss","beenden"
"einen Sinn bekommen","معنا پیدا کردن","to make sense / gain a meaning","Die Aussage bekommt plötzlich einen Sinn.","آن گفته ناگهان معنا پیدا می‌کند.","Neutral","-","der","Sinne","hat einen Sinn bekommen","bekam einen Sinn","verständlich sein, nachvollziehbar werden"
"in den Sinn kommen","به ذهن رسیدن / به ذهن خطور کردن","to come to mind","Oft kommen uns verschiedene Ideen in den Sinn.","اغلب ایده‌های مختلفی به ذهن ما می‌رسد.","Neutral","in + A","der","Sinne","ist in den Sinn gekommen","kam in den Sinn","einfallen"
"sich Sorgen machen um (+ Akk.)","نگران بودن","to worry about","Ich mache mir große Sorgen um einen Freund.","من خیلی نگران یک دوست هستم.","Neutral","um + A","die","Sorgen","hat sich Sorgen gemacht","machte sich Sorgen","sich sorgen"
"aufs Spiel setzen","به خطر انداختن","to risk / to stake","Wir dürfen unsere Zukunft nicht aufs Spiel setzen.","ما نباید آینده‌مان را به خطر بیندازیم.","Neutral","auf + A","das","Spiele","hat aufs Spiel gesetzt","setzte aufs Spiel","riskieren"
"zur Sprache bringen","مطرح کردن","to bring up / to address","Dieses Thema sollte häufiger zur Sprache gebracht werden.","این موضوع باید بیشتر مطرح شود.","Neutral","zu + D","die","Sprachen","hat zur Sprache gebracht","brachte zur Sprache","ansprechen / erwähnen"
"auf dem Standpunkt stehen","بر این باور بودن","to take the view / to maintain","Ich stehe auf dem Standpunkt, dass Jugendliche mehr Unterstützung brauchen.","من معتقدم که نوجوانان به حمایت بیشتری نیاز دارند.","Neutral","auf + D","der","Standpunkte","hat auf dem Standpunkt gestanden","stand auf dem Standpunkt","meinen"
"Stellung nehmen zu (+ Dat.)","اظهار نظر کردن","to take a stand / to comment on","Ich möchte dazu kurz Stellung nehmen.","می‌خواهم در این مورد مختصراً اظهار نظر کنم.","Neutral","zu + D","die","Stellungen","hat Stellung genommen","nahm Stellung","seine Meinung äußern"
"einen Überblick haben über (+ Akk.)","اشراف داشتن","to have an overview of","Es muss immer jemanden geben, der den Überblick über die Produktion hat.","همیشه باید کسی باشد که بر تولید اشراف داشته باشد.","Neutral","über + A","der","Überblicke","hat einen Überblick gehabt","hatte einen Überblick","überblicken"
"Verantwortung übernehmen / tragen für (+ Akk.)","مسئولیت پذیرفتن / بر عهده گرفتن","to take/bear responsibility for","Freunde übernehmen Verantwortung füreinander.","دوستان در قبال یکدیگر مسئولیت می‌پذیرند.","Neutral","für + A","die","Verantwortungen","hat Verantwortung übernommen / getragen","übernahm / trug Verantwortung","verantwortlich sein"
"zur Verfügung stehen","در دسترس بودن","to be available","Uns steht leider nicht genug Geld zur Verfügung.","متاسفانه پول کافی در اختیار ما نیست.","Neutral","zu + D","die","Verfügungen","hat zur Verfügung gestanden","stand zur Verfügung","vorhanden sein, für jdn. da sein"
"Verständnis haben / aufbringen / zeigen für (+ Akk.)","درک کردن / همدلی نشان دادن","to show understanding for","Wir sollten versuchen, bei Konflikten mehr Verständnis aufzubringen.","ما باید سعی کنیم در درگیری‌ها درک بیشتری نشان دهیم.","Neutral","für + A","das","-","hat Verständnis gehabt / aufgebracht / gezeigt","hatte / brachte auf / zeigte Verständnis","verstehen"
"eine Vorlesung halten","سخنرانی کردن (دانشگاهی)","to give a lecture","Sie hat eine sehr gute Vorlesung gehalten.","او سخنرانی (درس) بسیار خوبی ارائه داد.","Neutral","-","die","Vorlesungen","hat eine Vorlesung gehalten","hielt eine Vorlesung","als Professor/in vor Studenten und Studentinnen reden"
"einen Vorschlag machen","پیشنهاد دادن","to make a suggestion","Können Sie uns einen konkreten Vorschlag machen?","می‌توانید به ما یک پیشنهاد مشخص بدهید؟","Neutral","-","der","Vorschläge","hat einen Vorschlag gemacht","machte einen Vorschlag","vorschlagen"
"die Wahl haben","حق انتخاب داشتن","to have the choice","Wer die Wahl hat, hat die Qual.","هر که حق انتخاب دارد، دردسر (انتخاب) هم دارد.","Neutral","-","die","Wahlen","hat die Wahl gehabt","hatte die Wahl","sich entscheiden können / müssen"
"sich auf den Weg machen","راه افتادن","to set off","Sie haben sich früh auf den Weg gemacht.","آن‌ها زود راه افتادند.","Neutral","auf + A","der","Wege","hat sich auf den Weg gemacht","machte sich auf den Weg","losgehen / losfahren"
"aus dem Weg gehen","دوری کردن (از کسی)","to avoid someone","Seit dem Streit gehen sie sich aus dem Weg.","از زمان دعوا، آن‌ها از یکدیگر دوری می‌کنند.","Neutral","aus + D","der","Wege","ist aus dem Weg gegangen","ging aus dem Weg","jdn. vermeiden, jdm. ausweichen"
"Wert legen auf (+ Akk.)","اهمیت دادن به","to value / to place importance on","Viele legen heute großen Wert auf faire Arbeitsbedingungen.","امروزه بسیاری اهمیت زیادی برای شرایط کاری منصفانه قائل هستند.","Neutral","auf + A","der","Werte","hat Wert gelegt","legte Wert","wichtig finden"
"eine Wirkung haben","تأثیر داشتن","to have an effect","Manche bezweifeln, dass die Projekte eine große Wirkung haben.","برخی تردید دارند که این پروژه‌ها تأثیر بزرگی داشته باشند.","Neutral","-","die","Wirkungen","hat eine Wirkung gehabt","hatte eine Wirkung","bewirken"
"zu Wort kommen","فرصت صحبت پیدا کردن","to get a word in","Lassen Sie mich bitte auch mal zu Wort kommen.","لطفاً اجازه دهید من هم صحبتی بکنم.","Neutral","zu + D","das","Worte","ist zu Wort gekommen","kam zu Wort","sprechen / reden"
"Zweifel haben an (+ Dat.)","تردید داشتن به","to have doubts about","Ich habe Zweifel an dieser Lösung.","من به این راه‌حل تردید دارم.","Neutral","an + D","der","Zweifel","hat Zweifel gehabt","hatte Zweifel","bezweifeln"
"außer Zweifel stehen","خارج از تردید بودن","to be beyond doubt","Es steht außer Zweifel, dass noch mehr für die Umwelt getan werden muss.","جای تردید نیست که باید کارهای بیشتری برای محیط زیست انجام شود.","Neutral","außer + D","der","Zweifel","hat außer Zweifel gestanden","stand außer Zweifel","nicht bezweifelt werden"
